{"accuracy": [0.22620084881782532, 0.25194188952445984, 0.2687310576438904, 0.28214147686958313, 0.3008812665939331, 0.3118882477283478, 0.3200041651725769, 0.3348427414894104, 0.34860149025917053, 0.35539376735687256, 0.3696053624153137, 0.3781740963459015, 0.387718141078949, 0.3958688974380493, 0.40607476234436035, 0.4153749644756317, 0.41718626022338867, 0.42857640981674194, 0.43721482157707214, 0.4425789713859558, 0.4413946866989136, 0.4521926939487457, 0.45483994483947754, 0.45316800475120544, 0.45825350284576416, 0.46814587712287903, 0.4691908359527588, 0.4741021990776062, 0.4723954200744629, 0.4761921465396881, 0.4836810827255249, 0.4827754497528076, 0.48921939730644226, 0.4917621612548828, 0.4886969327926636, 0.49991291761398315, 0.5004354119300842, 0.4986937940120697, 0.5036748051643372, 0.504893958568573, 0.5063220858573914, 0.5146121382713318, 0.5087951421737671, 0.5154829621315002, 0.5145076513290405, 0.519558310508728, 0.5154480934143066, 0.520916759967804, 0.522240400314331, 0.5228673815727234, 0.5291023850440979, 0.5266989469528198, 0.53070467710495, 0.5291371941566467, 0.5295900106430054, 0.5297293663024902, 0.5338743925094604, 0.5360339879989624, 0.5345013737678528, 0.5399352312088013, 0.539726197719574, 0.5400397181510925, 0.5392385721206665, 0.545891523361206, 0.5456476807594299, 0.5429307818412781, 0.5431746244430542, 0.5451948642730713, 0.54951411485672, 0.5462050437927246, 0.5471106767654419, 0.547633171081543, 0.5507680773735046, 0.5529624819755554, 0.5505242347717285, 0.5512208938598633, 0.5560625791549683, 0.555156946182251, 0.5586401224136353, 0.5581873059272766, 0.5630638599395752, 0.5574907064437866, 0.5575603246688843, 0.5597895979881287, 0.5628548264503479, 0.5630289912223816, 0.5615660548210144, 0.5632380247116089, 0.5648751258850098, 0.5650840997695923, 0.5670347213745117, 0.5667908787727356, 0.5653627514839172, 0.571702241897583, 0.5704134702682495, 0.572503387928009, 0.5655021071434021, 0.5703786015510559, 0.5707617998123169, 0.5782507061958313, 0.5736180543899536, 0.5690550208091736, 0.5755338072776794, 0.573861837387085, 0.5766484141349792], "loss": [1.993100881576538, 1.8135180473327637, 1.781793475151062, 1.756974458694458, 1.7338063716888428, 1.707200050354004, 1.6925935745239258, 1.6689270734786987, 1.643014669418335, 1.6249057054519653, 1.602049469947815, 1.579971194267273, 1.5627996921539307, 1.5433405637741089, 1.5240267515182495, 1.5063700675964355, 1.499293327331543, 1.4814482927322388, 1.4632903337478638, 1.4544519186019897, 1.445794939994812, 1.4276655912399292, 1.4239691495895386, 1.4189952611923218, 1.4107732772827148, 1.3980871438980103, 1.383096694946289, 1.37645423412323, 1.3743284940719604, 1.3701196908950806, 1.358812689781189, 1.355331301689148, 1.341812014579773, 1.3337359428405762, 1.33184015750885, 1.322627067565918, 1.3195109367370605, 1.3154056072235107, 1.306726336479187, 1.3033679723739624, 1.2999237775802612, 1.2876163721084595, 1.29069983959198, 1.282718539237976, 1.281173586845398, 1.271079421043396, 1.277949333190918, 1.2645272016525269, 1.261235237121582, 1.2633692026138306, 1.2518317699432373, 1.2504833936691284, 1.248170256614685, 1.2475606203079224, 1.2431119680404663, 1.236127495765686, 1.2296319007873535, 1.2325201034545898, 1.2306129932403564, 1.222090482711792, 1.2209094762802124, 1.21842622756958, 1.2193137407302856, 1.2061095237731934, 1.2123541831970215, 1.2124687433242798, 1.205759048461914, 1.207479476928711, 1.197664737701416, 1.2001309394836426, 1.193896770477295, 1.1935926675796509, 1.1881941556930542, 1.1902763843536377, 1.1888279914855957, 1.1887482404708862, 1.183005452156067, 1.1773920059204102, 1.1742662191390991, 1.1768934726715088, 1.1699057817459106, 1.1700963973999023, 1.1669909954071045, 1.1701679229736328, 1.159013032913208, 1.1614240407943726, 1.1590328216552734, 1.156911849975586, 1.156015396118164, 1.1579159498214722, 1.1518949270248413, 1.1515346765518188, 1.1491022109985352, 1.1440821886062622, 1.1442991495132446, 1.1450145244598389, 1.1492623090744019, 1.1415072679519653, 1.1377878189086914, 1.1263043880462646, 1.140939474105835, 1.1388641595840454, 1.130876064300537, 1.1335995197296143, 1.1275018453598022], "val_accuracy": [0.28169405460357666, 0.30788519978523254, 0.3376985192298889, 0.34800779819488525, 0.35009750723838806, 0.3644469082355499, 0.39453887939453125, 0.4247701168060303, 0.42644190788269043, 0.4282529950141907, 0.4420451521873474, 0.43675118684768677, 0.4703260064125061, 0.4697687327861786, 0.469072163105011, 0.49540260434150696, 0.49456673860549927, 0.5026469826698303, 0.46572861075401306, 0.5103092789649963, 0.47575926780700684, 0.5091947913169861, 0.5139314532279968, 0.5100306272506714, 0.5220116972923279, 0.523544192314148, 0.5249373316764832, 0.5397046804428101, 0.5356645584106445, 0.49958205223083496, 0.5483421683311462, 0.5241014361381531, 0.5468096733093262, 0.5472276210784912, 0.5511284470558167, 0.5447199940681458, 0.5564224123954773, 0.5548899173736572, 0.5597659349441528, 0.5573976039886475, 0.5632488131523132, 0.5582334995269775, 0.5639454126358032, 0.5580942034721375, 0.5578155517578125, 0.5625522136688232, 0.5654778480529785, 0.5682641267776489, 0.5813596844673157, 0.5757871270179749, 0.5801059007644653, 0.5725829005241394, 0.5748119354248047, 0.5734187960624695, 0.57634437084198, 0.5656171441078186, 0.57704097032547, 0.5764837265014648, 0.5856784582138062, 0.5773195624351501, 0.569517970085144, 0.5819169878959656, 0.5809417963027954, 0.5816383361816406, 0.5880467891693115, 0.5674282312393188, 0.5699359178543091, 0.5711897611618042, 0.5899972319602966, 0.6008637547492981, 0.584285318851471, 0.5707718133926392, 0.5782948136329651, 0.5780161619186401, 0.5905544757843018, 0.5865143537521362, 0.5629701614379883, 0.5845639705657959, 0.5894399285316467, 0.5938979983329773, 0.5890220403671265, 0.5819169878959656, 0.6030927896499634, 0.5805238485336304, 0.599609911441803, 0.5959877371788025, 0.5986347198486328, 0.6012817025184631, 0.6035107374191284, 0.6028141379356384, 0.592086911201477, 0.5873502492904663, 0.5647812485694885, 0.584424614906311, 0.6121482253074646, 0.5908331274986267, 0.6110337376594543, 0.5929228067398071, 0.6122875213623047, 0.6033714413642883, 0.6028141379356384, 0.5780161619186401, 0.5991919636726379, 0.6005851030349731, 0.5959877371788025],